{"cameraMode":{"drawMode":0,"name":"Shaded","section":"Shading Mode"},"sceneLighting":true,"audioPlay":false,"sceneViewState":{"m_AlwaysRefresh":false,"showFog":true,"showSkybox":true,"showFlares":true,"showImageEffects":true,"showParticleSystems":true,"showVisualEffectGraphs":true,"m_FxEnabled":true},"in2DMode":false,"pivot":{"x":1.6441503763198853,"y":0.8361021280288696,"z":5.401592254638672},"rotation":{"x":0.20989584922790528,"y":-0.16251502931118012,"z":0.03540455922484398,"w":0.9634822607040405},"size":6.153425693511963,"orthographic":true}